person_id,first_name,last_name,city
S0001,Alex001,Taylor001,Esquimalt
S0002,Alex002,Taylor002,Saanich
S0003,Alex003,Taylor003,Langford
S0004,Alex004,Taylor004,Victoria
S0005,Alex005,Taylor005,Esquimalt
S0006,Alex006,Taylor006,Saanich
S0007,Alex007,Taylor007,Langford
S0008,Alex008,Taylor008,Victoria
S0009,Alex009,Taylor009,Esquimalt
S0010,Alex010,Taylor010,Saanich
S0011,Alex011,Taylor011,Langford
S0012,Alex012,Taylor012,Victoria
S0013,Alex013,Taylor013,Esquimalt
S0014,Alex014,Taylor014,Saanich
S0015,Alex015,Taylor015,Langford
S0016,Alex016,Taylor016,Victoria
S0017,Alex017,Taylor017,Esquimalt
S0018,Alex018,Taylor018,Saanich
S0019,Alex019,Taylor019,Langford
S0020,Alex020,Taylor020,Victoria
S0021,Alex021,Taylor021,Esquimalt
S0022,Alex022,Taylor022,Saanich
S0023,Alex023,Taylor023,Langford
S0024,Alex024,Taylor024,Victoria
S0025,Alex025,Taylor025,Esquimalt
S0026,Alex026,Taylor026,Saanich
S0027,Alex027,Taylor027,Langford
S0028,Alex028,Taylor028,Victoria
S0029,Alex029,Taylor029,Esquimalt
S0030,Alex030,Taylor030,Saanich
S0031,Alex031,Taylor031,Langford
S0032,Alex032,Taylor032,Victoria
S0033,Alex033,Taylor033,Esquimalt
S0034,Alex034,Taylor034,Saanich
S0035,Alex035,Taylor035,Langford
S0036,Alex036,Taylor036,Victoria
S0037,Alex037,Taylor037,Esquimalt
S0038,Alex038,Taylor038,Saanich
S0039,Alex039,Taylor039,Langford
S0040,Alex040,Taylor040,Victoria
S0041,Alex041,Taylor041,Esquimalt
S0042,Alex042,Taylor042,Saanich
S0043,Alex043,Taylor043,Langford
S0044,Alex044,Taylor044,Victoria
S0045,Alex045,Taylor045,Esquimalt
S0046,Alex046,Taylor046,Saanich
S0047,Alex047,Taylor047,Langford
S0048,Alex048,Taylor048,Victoria
S0049,Alex049,Taylor049,Esquimalt
S0050,Alex050,Taylor050,Saanich
S0051,Alex051,Taylor051,Langford
S0052,Alex052,Taylor052,Victoria
S0053,Alex053,Taylor053,Esquimalt
S0054,Alex054,Taylor054,Saanich
S0055,Alex055,Taylor055,Langford
S0056,Alex056,Taylor056,Victoria
S0057,Alex057,Taylor057,Esquimalt
S0058,Alex058,Taylor058,Saanich
S0059,Alex059,Taylor059,Langford
S0060,Alex060,Taylor060,Victoria
S0061,Alex061,Taylor061,Esquimalt
S0062,Alex062,Taylor062,Saanich
S0063,Alex063,Taylor063,Langford
S0064,Alex064,Taylor064,Victoria
S0065,Alex065,Taylor065,Esquimalt
S0066,Alex066,Taylor066,Saanich
S0067,Alex067,Taylor067,Langford
S0068,Alex068,Taylor068,Victoria
S0069,Alex069,Taylor069,Esquimalt
S0070,Alex070,Taylor070,Saanich
S0071,Alex071,Taylor071,Langford
S0072,Alex072,Taylor072,Victoria
S0073,Alex073,Taylor073,Esquimalt
S0074,Alex074,Taylor074,Saanich
S0075,Alex075,Taylor075,Langford
S0076,Alex076,Taylor076,Victoria
S0077,Alex077,Taylor077,Esquimalt
S0078,Alex078,Taylor078,Saanich
S0079,Alex079,Taylor079,Langford
S0080,Alex080,Taylor080,Victoria
S0081,Alex081,Taylor081,Esquimalt
S0082,Alex082,Taylor082,Saanich
S0083,Alex083,Taylor083,Langford
S0084,Alex084,Taylor084,Victoria
S0085,Alex085,Taylor085,Esquimalt
S0086,Alex086,Taylor086,Saanich
S0087,Alex087,Taylor087,Langford
S0088,Alex088,Taylor088,Victoria
S0089,Alex089,Taylor089,Esquimalt
S0090,Alex090,Taylor090,Saanich
S0091,Alex091,Taylor091,Langford
S0092,Alex092,Taylor092,Victoria
S0093,Alex093,Taylor093,Esquimalt
S0094,Alex094,Taylor094,Saanich
S0095,Alex095,Taylor095,Langford
S0096,Alex096,Taylor096,Victoria
S0097,Alex097,Taylor097,Esquimalt
S0098,Alex098,Taylor098,Saanich
S0099,Alex099,Taylor099,Langford
S0100,Alex100,Taylor100,Victoria
S0101,Alex101,Taylor101,Esquimalt
S0102,Alex102,Taylor102,Saanich
S0103,Alex103,Taylor103,Langford
S0104,Alex104,Taylor104,Victoria
S0105,Alex105,Taylor105,Esquimalt
S0106,Alex106,Taylor106,Saanich
S0107,Alex107,Taylor107,Langford
S0108,Alex108,Taylor108,Victoria
S0109,Alex109,Taylor109,Esquimalt
S0110,Alex110,Taylor110,Saanich
S0111,Alex111,Taylor111,Langford
S0112,Alex112,Taylor112,Victoria
S0113,Alex113,Taylor113,Esquimalt
S0114,Alex114,Taylor114,Saanich
S0115,Alex115,Taylor115,Langford
S0116,Alex116,Taylor116,Victoria
S0117,Alex117,Taylor117,Esquimalt
S0118,Alex118,Taylor118,Saanich
S0119,Alex119,Taylor119,Langford
S0120,Alex120,Taylor120,Victoria
S0121,Alex121,Taylor121,Esquimalt
S0122,Alex122,Taylor122,Saanich
S0123,Alex123,Taylor123,Langford
S0124,Alex124,Taylor124,Victoria
S0125,Alex125,Taylor125,Esquimalt
S0126,Alex126,Taylor126,Saanich
S0127,Alex127,Taylor127,Langford
S0128,Alex128,Taylor128,Victoria
S0129,Alex129,Taylor129,Esquimalt
S0130,Alex130,Taylor130,Saanich
S0131,Alex131,Taylor131,Langford
S0132,Alex132,Taylor132,Victoria
S0133,Alex133,Taylor133,Esquimalt
S0134,Alex134,Taylor134,Saanich
S0135,Alex135,Taylor135,Langford
S0136,Alex136,Taylor136,Victoria
S0137,Alex137,Taylor137,Esquimalt
S0138,Alex138,Taylor138,Saanich
S0139,Alex139,Taylor139,Langford
S0140,Alex140,Taylor140,Victoria
S0141,Alex141,Taylor141,Esquimalt
S0142,Alex142,Taylor142,Saanich
S0143,Alex143,Taylor143,Langford
S0144,Alex144,Taylor144,Victoria
S0145,Alex145,Taylor145,Esquimalt
S0146,Alex146,Taylor146,Saanich
S0147,Alex147,Taylor147,Langford
S0148,Alex148,Taylor148,Victoria
S0149,Alex149,Taylor149,Esquimalt
S0150,Alex150,Taylor150,Saanich
S0151,Alex151,Taylor151,Langford
S0152,Alex152,Taylor152,Victoria
S0153,Alex153,Taylor153,Esquimalt
S0154,Alex154,Taylor154,Saanich
S0155,Alex155,Taylor155,Langford
S0156,Alex156,Taylor156,Victoria
S0157,Alex157,Taylor157,Esquimalt
S0158,Alex158,Taylor158,Saanich
S0159,Alex159,Taylor159,Langford
S0160,Alex160,Taylor160,Victoria
S0161,Alex161,Taylor161,Esquimalt
S0162,Alex162,Taylor162,Saanich
S0163,Alex163,Taylor163,Langford
S0164,Alex164,Taylor164,Victoria
S0165,Alex165,Taylor165,Esquimalt
S0166,Alex166,Taylor166,Saanich
S0167,Alex167,Taylor167,Langford
S0168,Alex168,Taylor168,Victoria
S0169,Alex169,Taylor169,Esquimalt
S0170,Alex170,Taylor170,Saanich
S0171,Alex171,Taylor171,Langford
S0172,Alex172,Taylor172,Victoria
S0173,Alex173,Taylor173,Esquimalt
S0174,Alex174,Taylor174,Saanich
S0175,Alex175,Taylor175,Langford
S0176,Alex176,Taylor176,Victoria
S0177,Alex177,Taylor177,Esquimalt
S0178,Alex178,Taylor178,Saanich
S0179,Alex179,Taylor179,Langford
S0180,Alex180,Taylor180,Victoria
S0181,Alex181,Taylor181,Esquimalt
S0182,Alex182,Taylor182,Saanich
S0183,Alex183,Taylor183,Langford
S0184,Alex184,Taylor184,Victoria
S0185,Alex185,Taylor185,Esquimalt
S0186,Alex186,Taylor186,Saanich
S0187,Alex187,Taylor187,Langford
S0188,Alex188,Taylor188,Victoria
S0189,Alex189,Taylor189,Esquimalt
S0190,Alex190,Taylor190,Saanich
S0191,Alex191,Taylor191,Langford
S0192,Alex192,Taylor192,Victoria
S0193,Alex193,Taylor193,Esquimalt
S0194,Alex194,Taylor194,Saanich
S0195,Alex195,Taylor195,Langford
S0196,Alex196,Taylor196,Victoria
S0197,Alex197,Taylor197,Esquimalt
S0198,Alex198,Taylor198,Saanich
S0199,Alex199,Taylor199,Langford
S0200,Alex200,Taylor200,Victoria
S0201,Alex201,Taylor201,Esquimalt
S0202,Alex202,Taylor202,Saanich
S0203,Alex203,Taylor203,Langford
S0204,Alex204,Taylor204,Victoria
S0205,Alex205,Taylor205,Esquimalt
S0206,Alex206,Taylor206,Saanich
S0207,Alex207,Taylor207,Langford
S0208,Alex208,Taylor208,Victoria
S0209,Alex209,Taylor209,Esquimalt
S0210,Alex210,Taylor210,Saanich
S0211,Alex211,Taylor211,Langford
S0212,Alex212,Taylor212,Victoria
S0213,Alex213,Taylor213,Esquimalt
S0214,Alex214,Taylor214,Saanich
S0215,Alex215,Taylor215,Langford
S0216,Alex216,Taylor216,Victoria
S0217,Alex217,Taylor217,Esquimalt
S0218,Alex218,Taylor218,Saanich
S0219,Alex219,Taylor219,Langford
S0220,Alex220,Taylor220,Victoria
S0221,Alex221,Taylor221,Esquimalt
S0222,Alex222,Taylor222,Saanich
S0223,Alex223,Taylor223,Langford
S0224,Alex224,Taylor224,Victoria
S0225,Alex225,Taylor225,Esquimalt
S0226,Alex226,Taylor226,Saanich
S0227,Alex227,Taylor227,Langford
S0228,Alex228,Taylor228,Victoria
S0229,Alex229,Taylor229,Esquimalt
S0230,Alex230,Taylor230,Saanich
S0231,Alex231,Taylor231,Langford
S0232,Alex232,Taylor232,Victoria
S0233,Alex233,Taylor233,Esquimalt
S0234,Alex234,Taylor234,Saanich
S0235,Alex235,Taylor235,Langford
S0236,Alex236,Taylor236,Victoria
S0237,Alex237,Taylor237,Esquimalt
S0238,Alex238,Taylor238,Saanich
S0239,Alex239,Taylor239,Langford
S0240,Alex240,Taylor240,Victoria
S0241,Alex241,Taylor241,Esquimalt
S0242,Alex242,Taylor242,Saanich
S0243,Alex243,Taylor243,Langford
S0244,Alex244,Taylor244,Victoria
S0245,Alex245,Taylor245,Esquimalt
S0246,Alex246,Taylor246,Saanich
S0247,Alex247,Taylor247,Langford
S0248,Alex248,Taylor248,Victoria
S0249,Alex249,Taylor249,Esquimalt
S0250,Alex250,Taylor250,Saanich
S0251,Alex251,Taylor251,Langford
S0252,Alex252,Taylor252,Victoria
S0253,Alex253,Taylor253,Esquimalt
S0254,Alex254,Taylor254,Saanich
S0255,Alex255,Taylor255,Langford
S0256,Alex256,Taylor256,Victoria
S0257,Alex257,Taylor257,Esquimalt
S0258,Alex258,Taylor258,Saanich
S0259,Alex259,Taylor259,Langford
S0260,Alex260,Taylor260,Victoria
S0261,Alex261,Taylor261,Esquimalt
S0262,Alex262,Taylor262,Saanich
S0263,Alex263,Taylor263,Langford
S0264,Alex264,Taylor264,Victoria
S0265,Alex265,Taylor265,Esquimalt
S0266,Alex266,Taylor266,Saanich
S0267,Alex267,Taylor267,Langford
S0268,Alex268,Taylor268,Victoria
S0269,Alex269,Taylor269,Esquimalt
S0270,Alex270,Taylor270,Saanich
S0271,Alex271,Taylor271,Langford
S0272,Alex272,Taylor272,Victoria
S0273,Alex273,Taylor273,Esquimalt
S0274,Alex274,Taylor274,Saanich
S0275,Alex275,Taylor275,Langford
S0276,Alex276,Taylor276,Victoria
S0277,Alex277,Taylor277,Esquimalt
S0278,Alex278,Taylor278,Saanich
S0279,Alex279,Taylor279,Langford
S0280,Alex280,Taylor280,Victoria
S0281,Alex281,Taylor281,Esquimalt
S0282,Alex282,Taylor282,Saanich
S0283,Alex283,Taylor283,Langford
S0284,Alex284,Taylor284,Victoria
S0285,Alex285,Taylor285,Esquimalt
S0286,Alex286,Taylor286,Saanich
S0287,Alex287,Taylor287,Langford
S0288,Alex288,Taylor288,Victoria
S0289,Alex289,Taylor289,Esquimalt
S0290,Alex290,Taylor290,Saanich
S0291,Alex291,Taylor291,Langford
S0292,Alex292,Taylor292,Victoria
S0293,Alex293,Taylor293,Esquimalt
S0294,Alex294,Taylor294,Saanich
S0295,Alex295,Taylor295,Langford
S0296,Alex296,Taylor296,Victoria
S0297,Alex297,Taylor297,Esquimalt
S0298,Alex298,Taylor298,Saanich
S0299,Alex299,Taylor299,Langford
S0300,Alex300,Taylor300,Victoria
S0301,Alex301,Taylor301,Esquimalt
S0302,Alex302,Taylor302,Saanich
S0303,Alex303,Taylor303,Langford
S0304,Alex304,Taylor304,Victoria
S0305,Alex305,Taylor305,Esquimalt
S0306,Alex306,Taylor306,Saanich
S0307,Alex307,Taylor307,Langford
S0308,Alex308,Taylor308,Victoria
S0309,Alex309,Taylor309,Esquimalt
S0310,Alex310,Taylor310,Saanich
S0311,Alex311,Taylor311,Langford
S0312,Alex312,Taylor312,Victoria
S0313,Alex313,Taylor313,Esquimalt
S0314,Alex314,Taylor314,Saanich
S0315,Alex315,Taylor315,Langford
S0316,Alex316,Taylor316,Victoria
S0317,Alex317,Taylor317,Esquimalt
S0318,Alex318,Taylor318,Saanich
S0319,Alex319,Taylor319,Langford
S0320,Alex320,Taylor320,Victoria
S0321,Alex321,Taylor321,Esquimalt
S0322,Alex322,Taylor322,Saanich
S0323,Alex323,Taylor323,Langford
S0324,Alex324,Taylor324,Victoria
S0325,Alex325,Taylor325,Esquimalt
S0326,Alex326,Taylor326,Saanich
S0327,Alex327,Taylor327,Langford
S0328,Alex328,Taylor328,Victoria
S0329,Alex329,Taylor329,Esquimalt
S0330,Alex330,Taylor330,Saanich
S0331,Alex331,Taylor331,Langford
S0332,Alex332,Taylor332,Victoria
S0333,Alex333,Taylor333,Esquimalt
S0334,Alex334,Taylor334,Saanich
S0335,Alex335,Taylor335,Langford
S0336,Alex336,Taylor336,Victoria
S0337,Alex337,Taylor337,Esquimalt
S0338,Alex338,Taylor338,Saanich
S0339,Alex339,Taylor339,Langford
S0340,Alex340,Taylor340,Victoria
S0341,Alex341,Taylor341,Esquimalt
S0342,Alex342,Taylor342,Saanich
S0343,Alex343,Taylor343,Langford
S0344,Alex344,Taylor344,Victoria
S0345,Alex345,Taylor345,Esquimalt
S0346,Alex346,Taylor346,Saanich
S0347,Alex347,Taylor347,Langford
S0348,Alex348,Taylor348,Victoria
S0349,Alex349,Taylor349,Esquimalt
S0350,Alex350,Taylor350,Saanich
S0351,Alex351,Taylor351,Langford
S0352,Alex352,Taylor352,Victoria
S0353,Alex353,Taylor353,Esquimalt
S0354,Alex354,Taylor354,Saanich
S0355,Alex355,Taylor355,Langford
S0356,Alex356,Taylor356,Victoria
S0357,Alex357,Taylor357,Esquimalt
S0358,Alex358,Taylor358,Saanich
S0359,Alex359,Taylor359,Langford
S0360,Alex360,Taylor360,Victoria
S0361,Alex361,Taylor361,Esquimalt
S0362,Alex362,Taylor362,Saanich
S0363,Alex363,Taylor363,Langford
S0364,Alex364,Taylor364,Victoria
S0365,Alex365,Taylor365,Esquimalt
S0366,Alex366,Taylor366,Saanich
S0367,Alex367,Taylor367,Langford
S0368,Alex368,Taylor368,Victoria
S0369,Alex369,Taylor369,Esquimalt
S0370,Alex370,Taylor370,Saanich
S0371,Alex371,Taylor371,Langford
S0372,Alex372,Taylor372,Victoria
S0373,Alex373,Taylor373,Esquimalt
S0374,Alex374,Taylor374,Saanich
S0375,Alex375,Taylor375,Langford
S0376,Alex376,Taylor376,Victoria
S0377,Alex377,Taylor377,Esquimalt
S0378,Alex378,Taylor378,Saanich
S0379,Alex379,Taylor379,Langford
S0380,Alex380,Taylor380,Victoria
S0381,Alex381,Taylor381,Esquimalt
S0382,Alex382,Taylor382,Saanich
S0383,Alex383,Taylor383,Langford
S0384,Alex384,Taylor384,Victoria
S0385,Alex385,Taylor385,Esquimalt
S0386,Alex386,Taylor386,Saanich
S0387,Alex387,Taylor387,Langford
S0388,Alex388,Taylor388,Victoria
S0389,Alex389,Taylor389,Esquimalt
S0390,Alex390,Taylor390,Saanich
S0391,Alex391,Taylor391,Langford
S0392,Alex392,Taylor392,Victoria
S0393,Alex393,Taylor393,Esquimalt
S0394,Alex394,Taylor394,Saanich
S0395,Alex395,Taylor395,Langford
S0396,Alex396,Taylor396,Victoria
S0397,Alex397,Taylor397,Esquimalt
S0398,Alex398,Taylor398,Saanich
S0399,Alex399,Taylor399,Langford
S0400,Alex400,Taylor400,Victoria
S0401,Alex401,Taylor401,Esquimalt
S0402,Alex402,Taylor402,Saanich
S0403,Alex403,Taylor403,Langford
S0404,Alex404,Taylor404,Victoria
S0405,Alex405,Taylor405,Esquimalt
S0406,Alex406,Taylor406,Saanich
S0407,Alex407,Taylor407,Langford
S0408,Alex408,Taylor408,Victoria
S0409,Alex409,Taylor409,Esquimalt
S0410,Alex410,Taylor410,Saanich
S0411,Alex411,Taylor411,Langford
S0412,Alex412,Taylor412,Victoria
S0413,Alex413,Taylor413,Esquimalt
S0414,Alex414,Taylor414,Saanich
S0415,Alex415,Taylor415,Langford
S0416,Alex416,Taylor416,Victoria
S0417,Alex417,Taylor417,Esquimalt
S0418,Alex418,Taylor418,Saanich
S0419,Alex419,Taylor419,Langford
S0420,Alex420,Taylor420,Victoria
S0421,Alex421,Taylor421,Esquimalt
S0422,Alex422,Taylor422,Saanich
S0423,Alex423,Taylor423,Langford
S0424,Alex424,Taylor424,Victoria
S0425,Alex425,Taylor425,Esquimalt
S0426,Alex426,Taylor426,Saanich
S0427,Alex427,Taylor427,Langford
S0428,Alex428,Taylor428,Victoria
S0429,Alex429,Taylor429,Esquimalt
S0430,Alex430,Taylor430,Saanich
S0431,Alex431,Taylor431,Langford
S0432,Alex432,Taylor432,Victoria
S0433,Alex433,Taylor433,Esquimalt
S0434,Alex434,Taylor434,Saanich
S0435,Alex435,Taylor435,Langford
S0436,Alex436,Taylor436,Victoria
S0437,Alex437,Taylor437,Esquimalt
S0438,Alex438,Taylor438,Saanich
S0439,Alex439,Taylor439,Langford
S0440,Alex440,Taylor440,Victoria
S0441,Alex441,Taylor441,Esquimalt
S0442,Alex442,Taylor442,Saanich
S0443,Alex443,Taylor443,Langford
S0444,Alex444,Taylor444,Victoria
S0445,Alex445,Taylor445,Esquimalt
S0446,Alex446,Taylor446,Saanich
S0447,Alex447,Taylor447,Langford
S0448,Alex448,Taylor448,Victoria
S0449,Alex449,Taylor449,Esquimalt
S0450,Alex450,Taylor450,Saanich
S0451,Alex451,Taylor451,Langford
S0452,Alex452,Taylor452,Victoria
S0453,Alex453,Taylor453,Esquimalt
S0454,Alex454,Taylor454,Saanich
S0455,Alex455,Taylor455,Langford
S0456,Alex456,Taylor456,Victoria
S0457,Alex457,Taylor457,Esquimalt
S0458,Alex458,Taylor458,Saanich
S0459,Alex459,Taylor459,Langford
S0460,Alex460,Taylor460,Victoria
S0461,Alex461,Taylor461,Esquimalt
S0462,Alex462,Taylor462,Saanich
S0463,Alex463,Taylor463,Langford
S0464,Alex464,Taylor464,Victoria
S0465,Alex465,Taylor465,Esquimalt
S0466,Alex466,Taylor466,Saanich
S0467,Alex467,Taylor467,Langford
S0468,Alex468,Taylor468,Victoria
S0469,Alex469,Taylor469,Esquimalt
S0470,Alex470,Taylor470,Saanich
S0471,Alex471,Taylor471,Langford
S0472,Alex472,Taylor472,Victoria
S0473,Alex473,Taylor473,Esquimalt
S0474,Alex474,Taylor474,Saanich
S0475,Alex475,Taylor475,Langford
S0476,Alex476,Taylor476,Victoria
S0477,Alex477,Taylor477,Esquimalt
S0478,Alex478,Taylor478,Saanich
S0479,Alex479,Taylor479,Langford
S0480,Alex480,Taylor480,Victoria
S0481,Alex481,Taylor481,Esquimalt
S0482,Alex482,Taylor482,Saanich
S0483,Alex483,Taylor483,Langford
S0484,Alex484,Taylor484,Victoria
S0485,Alex485,Taylor485,Esquimalt
S0486,Alex486,Taylor486,Saanich
S0487,Alex487,Taylor487,Langford
S0488,Alex488,Taylor488,Victoria
S0489,Alex489,Taylor489,Esquimalt
S0490,Alex490,Taylor490,Saanich
S0491,Alex491,Taylor491,Langford
S0492,Alex492,Taylor492,Victoria
S0493,Alex493,Taylor493,Esquimalt
S0494,Alex494,Taylor494,Saanich
S0495,Alex495,Taylor495,Langford
S0496,Alex496,Taylor496,Victoria
S0497,Alex497,Taylor497,Esquimalt
S0498,Alex498,Taylor498,Saanich
S0499,Alex499,Taylor499,Langford
S0500,Alex500,Taylor500,Victoria
S0501,Alex501,Taylor501,Esquimalt
S0502,Alex502,Taylor502,Saanich
S0503,Alex503,Taylor503,Langford
S0504,Alex504,Taylor504,Victoria
S0505,Alex505,Taylor505,Esquimalt
S0506,Alex506,Taylor506,Saanich
S0507,Alex507,Taylor507,Langford
S0508,Alex508,Taylor508,Victoria
S0509,Alex509,Taylor509,Esquimalt
S0510,Alex510,Taylor510,Saanich
S0511,Alex511,Taylor511,Langford
S0512,Alex512,Taylor512,Victoria
S0513,Alex513,Taylor513,Esquimalt
S0514,Alex514,Taylor514,Saanich
S0515,Alex515,Taylor515,Langford
S0516,Alex516,Taylor516,Victoria
S0517,Alex517,Taylor517,Esquimalt
S0518,Alex518,Taylor518,Saanich
S0519,Alex519,Taylor519,Langford
S0520,Alex520,Taylor520,Victoria
S0521,Alex521,Taylor521,Esquimalt
S0522,Alex522,Taylor522,Saanich
S0523,Alex523,Taylor523,Langford
S0524,Alex524,Taylor524,Victoria
S0525,Alex525,Taylor525,Esquimalt
S0526,Alex526,Taylor526,Saanich
S0527,Alex527,Taylor527,Langford
S0528,Alex528,Taylor528,Victoria
S0529,Alex529,Taylor529,Esquimalt
S0530,Alex530,Taylor530,Saanich
S0531,Alex531,Taylor531,Langford
S0532,Alex532,Taylor532,Victoria
S0533,Alex533,Taylor533,Esquimalt
S0534,Alex534,Taylor534,Saanich
S0535,Alex535,Taylor535,Langford
S0536,Alex536,Taylor536,Victoria
S0537,Alex537,Taylor537,Esquimalt
S0538,Alex538,Taylor538,Saanich
S0539,Alex539,Taylor539,Langford
S0540,Alex540,Taylor540,Victoria
S0541,Alex541,Taylor541,Esquimalt
S0542,Alex542,Taylor542,Saanich
S0543,Alex543,Taylor543,Langford
S0544,Alex544,Taylor544,Victoria
S0545,Alex545,Taylor545,Esquimalt
S0546,Alex546,Taylor546,Saanich
S0547,Alex547,Taylor547,Langford
S0548,Alex548,Taylor548,Victoria
S0549,Alex549,Taylor549,Esquimalt
S0550,Alex550,Taylor550,Saanich
S0551,Alex551,Taylor551,Langford
S0552,Alex552,Taylor552,Victoria
S0553,Alex553,Taylor553,Esquimalt
S0554,Alex554,Taylor554,Saanich
S0555,Alex555,Taylor555,Langford
S0556,Alex556,Taylor556,Victoria
S0557,Alex557,Taylor557,Esquimalt
S0558,Alex558,Taylor558,Saanich
S0559,Alex559,Taylor559,Langford
S0560,Alex560,Taylor560,Victoria
S0561,Alex561,Taylor561,Esquimalt
S0562,Alex562,Taylor562,Saanich
S0563,Alex563,Taylor563,Langford
S0564,Alex564,Taylor564,Victoria
S0565,Alex565,Taylor565,Esquimalt
S0566,Alex566,Taylor566,Saanich
S0567,Alex567,Taylor567,Langford
S0568,Alex568,Taylor568,Victoria
S0569,Alex569,Taylor569,Esquimalt
S0570,Alex570,Taylor570,Saanich
S0571,Alex571,Taylor571,Langford
S0572,Alex572,Taylor572,Victoria
S0573,Alex573,Taylor573,Esquimalt
S0574,Alex574,Taylor574,Saanich
S0575,Alex575,Taylor575,Langford
S0576,Alex576,Taylor576,Victoria
S0577,Alex577,Taylor577,Esquimalt
S0578,Alex578,Taylor578,Saanich
S0579,Alex579,Taylor579,Langford
S0580,Alex580,Taylor580,Victoria
S0581,Alex581,Taylor581,Esquimalt
S0582,Alex582,Taylor582,Saanich
S0583,Alex583,Taylor583,Langford
S0584,Alex584,Taylor584,Victoria
S0585,Alex585,Taylor585,Esquimalt
S0586,Alex586,Taylor586,Saanich
S0587,Alex587,Taylor587,Langford
S0588,Alex588,Taylor588,Victoria
S0589,Alex589,Taylor589,Esquimalt
S0590,Alex590,Taylor590,Saanich
S0591,Alex591,Taylor591,Langford
S0592,Alex592,Taylor592,Victoria
S0593,Alex593,Taylor593,Esquimalt
S0594,Alex594,Taylor594,Saanich
S0595,Alex595,Taylor595,Langford
S0596,Alex596,Taylor596,Victoria
S0597,Alex597,Taylor597,Esquimalt
S0598,Alex598,Taylor598,Saanich
S0599,Alex599,Taylor599,Langford
S0600,Alex600,Taylor600,Victoria
S0601,Alex601,Taylor601,Esquimalt
S0602,Alex602,Taylor602,Saanich
S0603,Alex603,Taylor603,Langford
S0604,Alex604,Taylor604,Victoria
S0605,Alex605,Taylor605,Esquimalt
S0606,Alex606,Taylor606,Saanich
S0607,Alex607,Taylor607,Langford
S0608,Alex608,Taylor608,Victoria
S0609,Alex609,Taylor609,Esquimalt
S0610,Alex610,Taylor610,Saanich
S0611,Alex611,Taylor611,Langford
S0612,Alex612,Taylor612,Victoria
S0613,Alex613,Taylor613,Esquimalt
S0614,Alex614,Taylor614,Saanich
S0615,Alex615,Taylor615,Langford
S0616,Alex616,Taylor616,Victoria
S0617,Alex617,Taylor617,Esquimalt
S0618,Alex618,Taylor618,Saanich
S0619,Alex619,Taylor619,Langford
S0620,Alex620,Taylor620,Victoria
S0621,Alex621,Taylor621,Esquimalt
S0622,Alex622,Taylor622,Saanich
S0623,Alex623,Taylor623,Langford
S0624,Alex624,Taylor624,Victoria
S0625,Alex625,Taylor625,Esquimalt
S0626,Alex626,Taylor626,Saanich
S0627,Alex627,Taylor627,Langford
S0628,Alex628,Taylor628,Victoria
S0629,Alex629,Taylor629,Esquimalt
S0630,Alex630,Taylor630,Saanich
S0631,Alex631,Taylor631,Langford
S0632,Alex632,Taylor632,Victoria
S0633,Alex633,Taylor633,Esquimalt
S0634,Alex634,Taylor634,Saanich
S0635,Alex635,Taylor635,Langford
S0636,Alex636,Taylor636,Victoria
S0637,Alex637,Taylor637,Esquimalt
S0638,Alex638,Taylor638,Saanich
S0639,Alex639,Taylor639,Langford
S0640,Alex640,Taylor640,Victoria
S0641,Alex641,Taylor641,Esquimalt
S0642,Alex642,Taylor642,Saanich
S0643,Alex643,Taylor643,Langford
S0644,Alex644,Taylor644,Victoria
S0645,Alex645,Taylor645,Esquimalt
S0646,Alex646,Taylor646,Saanich
S0647,Alex647,Taylor647,Langford
S0648,Alex648,Taylor648,Victoria
S0649,Alex649,Taylor649,Esquimalt
S0650,Alex650,Taylor650,Saanich
S0651,Alex651,Taylor651,Langford
S0652,Alex652,Taylor652,Victoria
S0653,Alex653,Taylor653,Esquimalt
S0654,Alex654,Taylor654,Saanich
S0655,Alex655,Taylor655,Langford
S0656,Alex656,Taylor656,Victoria
S0657,Alex657,Taylor657,Esquimalt
S0658,Alex658,Taylor658,Saanich
S0659,Alex659,Taylor659,Langford
S0660,Alex660,Taylor660,Victoria
S0661,Alex661,Taylor661,Esquimalt
S0662,Alex662,Taylor662,Saanich
S0663,Alex663,Taylor663,Langford
S0664,Alex664,Taylor664,Victoria
S0665,Alex665,Taylor665,Esquimalt
S0666,Alex666,Taylor666,Saanich
S0667,Alex667,Taylor667,Langford
S0668,Alex668,Taylor668,Victoria
S0669,Alex669,Taylor669,Esquimalt
S0670,Alex670,Taylor670,Saanich
S0671,Alex671,Taylor671,Langford
S0672,Alex672,Taylor672,Victoria
S0673,Alex673,Taylor673,Esquimalt
S0674,Alex674,Taylor674,Saanich
S0675,Alex675,Taylor675,Langford
S0676,Alex676,Taylor676,Victoria
S0677,Alex677,Taylor677,Esquimalt
S0678,Alex678,Taylor678,Saanich
S0679,Alex679,Taylor679,Langford
S0680,Alex680,Taylor680,Victoria
S0681,Alex681,Taylor681,Esquimalt
S0682,Alex682,Taylor682,Saanich
S0683,Alex683,Taylor683,Langford
S0684,Alex684,Taylor684,Victoria
S0685,Alex685,Taylor685,Esquimalt
S0686,Alex686,Taylor686,Saanich
S0687,Alex687,Taylor687,Langford
S0688,Alex688,Taylor688,Victoria
S0689,Alex689,Taylor689,Esquimalt
S0690,Alex690,Taylor690,Saanich
S0691,Alex691,Taylor691,Langford
S0692,Alex692,Taylor692,Victoria
S0693,Alex693,Taylor693,Esquimalt
S0694,Alex694,Taylor694,Saanich
S0695,Alex695,Taylor695,Langford
S0696,Alex696,Taylor696,Victoria
S0697,Alex697,Taylor697,Esquimalt
S0698,Alex698,Taylor698,Saanich
S0699,Alex699,Taylor699,Langford
S0700,Alex700,Taylor700,Victoria
S0701,Alex701,Taylor701,Esquimalt
S0702,Alex702,Taylor702,Saanich
S0703,Alex703,Taylor703,Langford
S0704,Alex704,Taylor704,Victoria
S0705,Alex705,Taylor705,Esquimalt
S0706,Alex706,Taylor706,Saanich
S0707,Alex707,Taylor707,Langford
S0708,Alex708,Taylor708,Victoria
S0709,Alex709,Taylor709,Esquimalt
S0710,Alex710,Taylor710,Saanich
S0711,Alex711,Taylor711,Langford
S0712,Alex712,Taylor712,Victoria
S0713,Alex713,Taylor713,Esquimalt
S0714,Alex714,Taylor714,Saanich
S0715,Alex715,Taylor715,Langford
S0716,Alex716,Taylor716,Victoria
S0717,Alex717,Taylor717,Esquimalt
S0718,Alex718,Taylor718,Saanich
S0719,Alex719,Taylor719,Langford
S0720,Alex720,Taylor720,Victoria
S0721,Alex721,Taylor721,Esquimalt
S0722,Alex722,Taylor722,Saanich
S0723,Alex723,Taylor723,Langford
S0724,Alex724,Taylor724,Victoria
S0725,Alex725,Taylor725,Esquimalt
S0726,Alex726,Taylor726,Saanich
S0727,Alex727,Taylor727,Langford
S0728,Alex728,Taylor728,Victoria
S0729,Alex729,Taylor729,Esquimalt
S0730,Alex730,Taylor730,Saanich
S0731,Alex731,Taylor731,Langford
S0732,Alex732,Taylor732,Victoria
S0733,Alex733,Taylor733,Esquimalt
S0734,Alex734,Taylor734,Saanich
S0735,Alex735,Taylor735,Langford
S0736,Alex736,Taylor736,Victoria
S0737,Alex737,Taylor737,Esquimalt
S0738,Alex738,Taylor738,Saanich
S0739,Alex739,Taylor739,Langford
S0740,Alex740,Taylor740,Victoria
S0741,Alex741,Taylor741,Esquimalt
S0742,Alex742,Taylor742,Saanich
S0743,Alex743,Taylor743,Langford
S0744,Alex744,Taylor744,Victoria
S0745,Alex745,Taylor745,Esquimalt
S0746,Alex746,Taylor746,Saanich
S0747,Alex747,Taylor747,Langford
S0748,Alex748,Taylor748,Victoria
S0749,Alex749,Taylor749,Esquimalt
S0750,Alex750,Taylor750,Saanich
S0751,Alex751,Taylor751,Langford
S0752,Alex752,Taylor752,Victoria
S0753,Alex753,Taylor753,Esquimalt
S0754,Alex754,Taylor754,Saanich
S0755,Alex755,Taylor755,Langford
S0756,Alex756,Taylor756,Victoria
S0757,Alex757,Taylor757,Esquimalt
S0758,Alex758,Taylor758,Saanich
S0759,Alex759,Taylor759,Langford
S0760,Alex760,Taylor760,Victoria
S0761,Alex761,Taylor761,Esquimalt
S0762,Alex762,Taylor762,Saanich
S0763,Alex763,Taylor763,Langford
S0764,Alex764,Taylor764,Victoria
S0765,Alex765,Taylor765,Esquimalt
S0766,Alex766,Taylor766,Saanich
S0767,Alex767,Taylor767,Langford
S0768,Alex768,Taylor768,Victoria
S0769,Alex769,Taylor769,Esquimalt
S0770,Alex770,Taylor770,Saanich
S0771,Alex771,Taylor771,Langford
S0772,Alex772,Taylor772,Victoria
S0773,Alex773,Taylor773,Esquimalt
S0774,Alex774,Taylor774,Saanich
S0775,Alex775,Taylor775,Langford
S0776,Alex776,Taylor776,Victoria
S0777,Alex777,Taylor777,Esquimalt
S0778,Alex778,Taylor778,Saanich
S0779,Alex779,Taylor779,Langford
S0780,Alex780,Taylor780,Victoria
S0781,Alex781,Taylor781,Esquimalt
S0782,Alex782,Taylor782,Saanich
S0783,Alex783,Taylor783,Langford
S0784,Alex784,Taylor784,Victoria
S0785,Alex785,Taylor785,Esquimalt
S0786,Alex786,Taylor786,Saanich
S0787,Alex787,Taylor787,Langford
S0788,Alex788,Taylor788,Victoria
S0789,Alex789,Taylor789,Esquimalt
S0790,Alex790,Taylor790,Saanich
S0791,Alex791,Taylor791,Langford
S0792,Alex792,Taylor792,Victoria
S0793,Alex793,Taylor793,Esquimalt
S0794,Alex794,Taylor794,Saanich
S0795,Alex795,Taylor795,Langford
S0796,Alex796,Taylor796,Victoria
S0797,Alex797,Taylor797,Esquimalt
S0798,Alex798,Taylor798,Saanich
S0799,Alex799,Taylor799,Langford
S0800,Alex800,Taylor800,Victoria
S0801,Alex801,Taylor801,Esquimalt
S0802,Alex802,Taylor802,Saanich
S0803,Alex803,Taylor803,Langford
S0804,Alex804,Taylor804,Victoria
S0805,Alex805,Taylor805,Esquimalt
S0806,Alex806,Taylor806,Saanich
S0807,Alex807,Taylor807,Langford
S0808,Alex808,Taylor808,Victoria
S0809,Alex809,Taylor809,Esquimalt
S0810,Alex810,Taylor810,Saanich
S0811,Alex811,Taylor811,Langford
S0812,Alex812,Taylor812,Victoria
S0813,Alex813,Taylor813,Esquimalt
S0814,Alex814,Taylor814,Saanich
S0815,Alex815,Taylor815,Langford
S0816,Alex816,Taylor816,Victoria
S0817,Alex817,Taylor817,Esquimalt
S0818,Alex818,Taylor818,Saanich
S0819,Alex819,Taylor819,Langford
S0820,Alex820,Taylor820,Victoria
S0821,Alex821,Taylor821,Esquimalt
S0822,Alex822,Taylor822,Saanich
S0823,Alex823,Taylor823,Langford
S0824,Alex824,Taylor824,Victoria
S0825,Alex825,Taylor825,Esquimalt
S0826,Alex826,Taylor826,Saanich
S0827,Alex827,Taylor827,Langford
S0828,Alex828,Taylor828,Victoria
S0829,Alex829,Taylor829,Esquimalt
S0830,Alex830,Taylor830,Saanich
S0831,Alex831,Taylor831,Langford
S0832,Alex832,Taylor832,Victoria
S0833,Alex833,Taylor833,Esquimalt
S0834,Alex834,Taylor834,Saanich
S0835,Alex835,Taylor835,Langford
S0836,Alex836,Taylor836,Victoria
S0837,Alex837,Taylor837,Esquimalt
S0838,Alex838,Taylor838,Saanich
S0839,Alex839,Taylor839,Langford
S0840,Alex840,Taylor840,Victoria
S0841,Alex841,Taylor841,Esquimalt
S0842,Alex842,Taylor842,Saanich
S0843,Alex843,Taylor843,Langford
S0844,Alex844,Taylor844,Victoria
S0845,Alex845,Taylor845,Esquimalt
S0846,Alex846,Taylor846,Saanich
S0847,Alex847,Taylor847,Langford
S0848,Alex848,Taylor848,Victoria
S0849,Alex849,Taylor849,Esquimalt
S0850,Alex850,Taylor850,Saanich
S0851,Alex851,Taylor851,Langford
S0852,Alex852,Taylor852,Victoria
S0853,Alex853,Taylor853,Esquimalt
S0854,Alex854,Taylor854,Saanich
S0855,Alex855,Taylor855,Langford
S0856,Alex856,Taylor856,Victoria
S0857,Alex857,Taylor857,Esquimalt
S0858,Alex858,Taylor858,Saanich
S0859,Alex859,Taylor859,Langford
S0860,Alex860,Taylor860,Victoria
S0861,Alex861,Taylor861,Esquimalt
S0862,Alex862,Taylor862,Saanich
S0863,Alex863,Taylor863,Langford
S0864,Alex864,Taylor864,Victoria
S0865,Alex865,Taylor865,Esquimalt
S0866,Alex866,Taylor866,Saanich
S0867,Alex867,Taylor867,Langford
S0868,Alex868,Taylor868,Victoria
S0869,Alex869,Taylor869,Esquimalt
S0870,Alex870,Taylor870,Saanich
S0871,Alex871,Taylor871,Langford
S0872,Alex872,Taylor872,Victoria
S0873,Alex873,Taylor873,Esquimalt
S0874,Alex874,Taylor874,Saanich
S0875,Alex875,Taylor875,Langford
S0876,Alex876,Taylor876,Victoria
S0877,Alex877,Taylor877,Esquimalt
S0878,Alex878,Taylor878,Saanich
S0879,Alex879,Taylor879,Langford
S0880,Alex880,Taylor880,Victoria
S0881,Alex881,Taylor881,Esquimalt
S0882,Alex882,Taylor882,Saanich
S0883,Alex883,Taylor883,Langford
S0884,Alex884,Taylor884,Victoria
S0885,Alex885,Taylor885,Esquimalt
S0886,Alex886,Taylor886,Saanich
S0887,Alex887,Taylor887,Langford
S0888,Alex888,Taylor888,Victoria
S0889,Alex889,Taylor889,Esquimalt
S0890,Alex890,Taylor890,Saanich
S0891,Alex891,Taylor891,Langford
S0892,Alex892,Taylor892,Victoria
S0893,Alex893,Taylor893,Esquimalt
S0894,Alex894,Taylor894,Saanich
S0895,Alex895,Taylor895,Langford
S0896,Alex896,Taylor896,Victoria
S0897,Alex897,Taylor897,Esquimalt
S0898,Alex898,Taylor898,Saanich
S0899,Alex899,Taylor899,Langford
S0900,Alex900,Taylor900,Victoria
S0901,Alex901,Taylor901,Esquimalt
S0902,Alex902,Taylor902,Saanich
S0903,Alex903,Taylor903,Langford
S0904,Alex904,Taylor904,Victoria
S0905,Alex905,Taylor905,Esquimalt
S0906,Alex906,Taylor906,Saanich
S0907,Alex907,Taylor907,Langford
S0908,Alex908,Taylor908,Victoria
S0909,Alex909,Taylor909,Esquimalt
S0910,Alex910,Taylor910,Saanich
S0911,Alex911,Taylor911,Langford
S0912,Alex912,Taylor912,Victoria
S0913,Alex913,Taylor913,Esquimalt
S0914,Alex914,Taylor914,Saanich
S0915,Alex915,Taylor915,Langford
S0916,Alex916,Taylor916,Victoria
S0917,Alex917,Taylor917,Esquimalt
S0918,Alex918,Taylor918,Saanich
S0919,Alex919,Taylor919,Langford
S0920,Alex920,Taylor920,Victoria
S0921,Alex921,Taylor921,Esquimalt
S0922,Alex922,Taylor922,Saanich
S0923,Alex923,Taylor923,Langford
S0924,Alex924,Taylor924,Victoria
S0925,Alex925,Taylor925,Esquimalt
S0926,Alex926,Taylor926,Saanich
S0927,Alex927,Taylor927,Langford
S0928,Alex928,Taylor928,Victoria
S0929,Alex929,Taylor929,Esquimalt
S0930,Alex930,Taylor930,Saanich
S0931,Alex931,Taylor931,Langford
S0932,Alex932,Taylor932,Victoria
S0933,Alex933,Taylor933,Esquimalt
S0934,Alex934,Taylor934,Saanich
S0935,Alex935,Taylor935,Langford
S0936,Alex936,Taylor936,Victoria
S0937,Alex937,Taylor937,Esquimalt
S0938,Alex938,Taylor938,Saanich
S0939,Alex939,Taylor939,Langford
S0940,Alex940,Taylor940,Victoria
S0941,Alex941,Taylor941,Esquimalt
S0942,Alex942,Taylor942,Saanich
S0943,Alex943,Taylor943,Langford
S0944,Alex944,Taylor944,Victoria
S0945,Alex945,Taylor945,Esquimalt
S0946,Alex946,Taylor946,Saanich
S0947,Alex947,Taylor947,Langford
S0948,Alex948,Taylor948,Victoria
S0949,Alex949,Taylor949,Esquimalt
S0950,Alex950,Taylor950,Saanich
S0951,Alex951,Taylor951,Langford
S0952,Alex952,Taylor952,Victoria
S0953,Alex953,Taylor953,Esquimalt
S0954,Alex954,Taylor954,Saanich
S0955,Alex955,Taylor955,Langford
S0956,Alex956,Taylor956,Victoria
S0957,Alex957,Taylor957,Esquimalt
S0958,Alex958,Taylor958,Saanich
S0959,Alex959,Taylor959,Langford
S0960,Alex960,Taylor960,Victoria
S0961,Alex961,Taylor961,Esquimalt
S0962,Alex962,Taylor962,Saanich
S0963,Alex963,Taylor963,Langford
S0964,Alex964,Taylor964,Victoria
S0965,Alex965,Taylor965,Esquimalt
S0966,Alex966,Taylor966,Saanich
S0967,Alex967,Taylor967,Langford
S0968,Alex968,Taylor968,Victoria
S0969,Alex969,Taylor969,Esquimalt
S0970,Alex970,Taylor970,Saanich
S0971,Alex971,Taylor971,Langford
S0972,Alex972,Taylor972,Victoria
S0973,Alex973,Taylor973,Esquimalt
S0974,Alex974,Taylor974,Saanich
S0975,Alex975,Taylor975,Langford
S0976,Alex976,Taylor976,Victoria
S0977,Alex977,Taylor977,Esquimalt
S0978,Alex978,Taylor978,Saanich
S0979,Alex979,Taylor979,Langford
S0980,Alex980,Taylor980,Victoria
S0981,Alex981,Taylor981,Esquimalt
S0982,Alex982,Taylor982,Saanich
S0983,Alex983,Taylor983,Langford
S0984,Alex984,Taylor984,Victoria
S0985,Alex985,Taylor985,Esquimalt
S0986,Alex986,Taylor986,Saanich
S0987,Alex987,Taylor987,Langford
S0988,Alex988,Taylor988,Victoria
S0989,Alex989,Taylor989,Esquimalt
S0990,Alex990,Taylor990,Saanich
S0991,Alex991,Taylor991,Langford
S0992,Alex992,Taylor992,Victoria
S0993,Alex993,Taylor993,Esquimalt
S0994,Alex994,Taylor994,Saanich
S0995,Alex995,Taylor995,Langford
S0996,Alex996,Taylor996,Victoria
S0997,Alex997,Taylor997,Esquimalt
S0998,Alex998,Taylor998,Saanich
S0999,Alex999,Taylor999,Langford
S1000,Alex1000,Taylor1000,Victoria
